{"stats":{"minecraft:killed_by":{"minecraft:creeper":1},"minecraft:crafted":{"minecraft:oak_planks":20,"minecraft:crafting_table":2,"minecraft:stick":8,"minecraft:wooden_pickaxe":1,"minecraft:stone_pickaxe":1,"minecraft:stone_sword":1,"minecraft:white_bed":1,"minecraft:stone_axe":1},"minecraft:killed":{"minecraft:sheep":7,"minecraft:skeleton":1,"mutationcraft:assimilated_human":1,"minecraft:chicken":3,"minecraft:spider":1,"minecraft:cow":3},"minecraft:mined":{"minecraft:crafting_table":1,"minecraft:granite":2,"minecraft:grass":14,"minecraft:grass_block":6,"minecraft:oak_log":7,"minecraft:dirt":8,"minecraft:tall_grass":2,"minecraft:cobblestone":3,"minecraft:stone":36,"minecraft:oak_leaves":1},"minecraft:picked_up":{"minecraft:crafting_table":1,"minecraft:stick":1,"minecraft:feather":8,"minecraft:chicken":3,"minecraft:leather":2,"minecraft:wooden_pickaxe":1,"minecraft:pink_wool":1,"mutationcraft:putrid_claw":3,"minecraft:oak_log":5,"minecraft:spider_eye":1,"minecraft:dirt":14,"minecraft:stone_sword":1,"minecraft:bone":2,"minecraft:rotten_flesh":2,"minecraft:stone_axe":1,"minecraft:wheat_seeds":2,"minecraft:beef":6,"minecraft:stone_pickaxe":1,"minecraft:granite":4,"minecraft:mutton":8,"minecraft:oak_planks":1,"minecraft:white_wool":6,"minecraft:cobblestone":28,"minecraft:egg":1},"minecraft:used":{"minecraft:stone_sword":48,"minecraft:stone_pickaxe":35,"minecraft:wooden_pickaxe":13,"minecraft:stone_axe":7,"minecraft:mutton":3,"minecraft:dirt":14,"minecraft:cobblestone":16,"mutationcraft:putrid_claw":3,"minecraft:crafting_table":2,"minecraft:egg":1,"minecraft:granite":2},"minecraft:custom":{"minecraft:time_since_rest":5335,"minecraft:interact_with_furnace":2,"minecraft:sprint_one_cm":41488,"minecraft:damage_taken":435,"minecraft:walk_one_cm":26590,"minecraft:mob_kills":17,"minecraft:damage_dealt":2028,"minecraft:interact_with_crafting_table":7,"minecraft:swim_one_cm":11638,"minecraft:fly_one_cm":78823,"minecraft:crouch_one_cm":4167,"minecraft:play_time":23016,"minecraft:deaths":1,"minecraft:sneak_time":2276,"minecraft:walk_under_water_one_cm":8522,"minecraft:jump":427,"minecraft:walk_on_water_one_cm":4877,"minecraft:time_since_death":5310,"minecraft:total_world_time":23016,"minecraft:fall_one_cm":8680}},"DataVersion":3120}