{"stats":{"minecraft:killed":{"minecraft:chicken":3},"minecraft:crafted":{"minecraft:oak_planks":12,"minecraft:crafting_table":1,"minecraft:stick":8,"minecraft:wooden_pickaxe":1,"minecraft:stone_pickaxe":1,"minecraft:stone_sword":1,"minecraft:stone_axe":1},"minecraft:mined":{"minecraft:grass":11,"minecraft:grass_block":6,"minecraft:oak_log":5,"minecraft:dirt":7,"minecraft:tall_grass":2,"minecraft:cobblestone":3,"minecraft:stone":31,"minecraft:oak_leaves":1},"minecraft:picked_up":{"minecraft:feather":4,"minecraft:chicken":3,"mutationcraft:putrid_claw":1,"minecraft:oak_log":3,"minecraft:dirt":13,"minecraft:cobblestone":21,"minecraft:egg":1},"minecraft:used":{"minecraft:stone_sword":7,"minecraft:stone_pickaxe":28,"minecraft:wooden_pickaxe":13,"minecraft:dirt":7,"minecraft:cobblestone":12,"mutationcraft:putrid_claw":1,"minecraft:crafting_table":1,"minecraft:egg":1},"minecraft:custom":{"minecraft:time_since_rest":11016,"minecraft:sprint_one_cm":10182,"minecraft:damage_taken":130,"minecraft:walk_one_cm":13865,"minecraft:mob_kills":3,"minecraft:damage_dealt":210,"minecraft:interact_with_crafting_table":6,"minecraft:swim_one_cm":5247,"minecraft:fly_one_cm":18626,"minecraft:crouch_one_cm":2366,"minecraft:play_time":11016,"minecraft:sneak_time":1311,"minecraft:walk_under_water_one_cm":2985,"minecraft:jump":147,"minecraft:walk_on_water_one_cm":2341,"minecraft:time_since_death":11016,"minecraft:total_world_time":11016,"minecraft:fall_one_cm":1529}},"DataVersion":3120}