{"stats":{"minecraft:killed_by":{"minecraft:player":1,"minecraft:creeper":1},"minecraft:killed":{"mutationcraft:light_hook":1,"mutationcraft:hazmat_leader":4,"graveyard:revenant":1,"whispering_spirits:whispering_spirit":6,"minecraft:spider":1,"graveyard:wraith":1,"mutationcraft:medium_hook":1,"graveyard:lich":1,"minecraft:sheep":7,"minecraft:skeleton":1,"mutationcraft:necroptor":1,"mutationcraft:assimilated_human":1,"minecraft:chicken":3,"graveyard:ghouling":1,"graveyard:corrupted_pillager":1,"minecraft:cow":3},"minecraft:crafted":{"minecraft:oak_planks":20,"minecraft:crafting_table":2,"minecraft:wooden_pickaxe":1,"minecraft:stone_axe":1,"minecraft:stick":8,"minecraft:stone_pickaxe":1,"minecraft:stone_sword":1,"minecraft:white_bed":1},"minecraft:mined":{"minecraft:crafting_table":1,"minecraft:granite":2,"minecraft:grass_block":6,"minecraft:cobblestone":7,"minecraft:tall_grass":2,"minecraft:grass":22,"minecraft:oak_log":7,"minecraft:dirt":8,"minecraft:stone":36,"minecraft:oak_leaves":1},"minecraft:picked_up":{"minecraft:crafting_table":3,"minecraft:feather":17,"minecraft:chicken":6,"minecraft:leather":6,"minecraft:wooden_pickaxe":3,"minecraft:pink_wool":3,"minecraft:oak_log":5,"minecraft:netherite_leggings":1,"graveyard:cyan_bone_staff":1,"minecraft:dirt":14,"minecraft:cooked_mutton":128,"minecraft:bone":6,"graveyard:corruption":2,"minecraft:wheat_seeds":5,"minecraft:beef":18,"minecraft:stone_pickaxe":3,"minecraft:enchanted_golden_apple":125,"minecraft:oak_planks":3,"minecraft:egg":1,"minecraft:stick":3,"whispers_of_the_wendigo:rifle":2,"whispers_of_the_wendigo:silver_bullet":400,"mutationcraft:putrid_claw":10,"minecraft:spider_eye":3,"minecraft:stone_sword":3,"minecraft:rotten_flesh":6,"minecraft:stone_axe":3,"minecraft:netherite_helmet":1,"mutationcraft:rusted_metal_armor_boots":1,"minecraft:granite":4,"minecraft:netherite_chestplate":1,"mutationcraft:putrid_heart":1,"minecraft:mutton":18,"minecraft:white_wool":8,"minecraft:cobblestone":40},"minecraft:used":{"mutationcraft:battle_axe":15,"minecraft:stone_sword":66,"whispering_spirits:whispering_spirit_spawn_egg":16,"minecraft:flint_and_steel":12,"minecraft:stone_pickaxe":40,"minecraft:netherite_chestplate":1,"minecraft:oak_planks":1,"minecraft:wooden_pickaxe":13,"mutationcraft:nordic_axe":25,"mutationcraft:flamethrower":21,"graveyard:corrupted_pillager_spawn_egg":1,"minecraft:netherrack":4,"graveyard:wraith_spawn_egg":1,"minecraft:dirt":14,"minecraft:mutton":3,"minecraft:netherite_leggings":1,"minecraft:crafting_table":2,"graveyard:nameless_hanged_spawn_egg":1,"minecraft:netherite_helmet":1,"the_one_who_watches:toww_delusion_spawn_egg":4,"graveyard:cyan_bone_staff":1,"minecraft:white_bed":1,"minecraft:granite":2,"mutationcraft:hazmat_leader_spawn_egg":6,"minecraft:redstone_torch":8,"the_one_who_watches:toww_stare_spawn_egg":4,"mutationcraft:medium_hook_spawn_egg":1,"the_one_who_watches:toww_hallucination_spawn_egg":2,"graveyard:corrupted_vindicator_spawn_egg":1,"graveyard:nightmare_spawn_egg":1,"graveyard:skeleton_creeper_spawn_egg":1,"graveyard:ghoul_spawn_egg":2,"graveyard:acolyte_spawn_egg":1,"minecraft:netherite_boots":1,"minecraft:stone_axe":8,"graveyard:revenant_spawn_egg":1,"graveyard:leaning_wither_skeleton":1,"minecraft:cobblestone":20,"mutationcraft:putrid_claw":3,"mutationcraft:rusted_metal_armor_boots":1,"graveyard:lich_spawn_egg":1,"minecraft:gold_block":11,"minecraft:egg":1,"minecraft:enchanted_golden_apple":10},"minecraft:broken":{"whispers_of_the_wendigo:rifle":2},"minecraft:dropped":{"mutationcraft:rusted_metal_armor_boots":1,"minecraft:netherite_chestplate":1,"minecraft:netherite_helmet":1,"whispers_of_the_wendigo:silver_bullet":22,"graveyard:cyan_bone_staff":1,"minecraft:netherite_leggings":1,"mutationcraft:putrid_claw":3},"minecraft:custom":{"minecraft:interact_with_furnace":2,"minecraft:mob_kills":35,"minecraft:interact_with_crafting_table":7,"minecraft:time_since_death":3298,"minecraft:damage_resisted":342,"minecraft:time_since_rest":3339,"minecraft:sprint_one_cm":68981,"minecraft:damage_absorbed":790,"minecraft:damage_taken":1312,"minecraft:walk_one_cm":82332,"minecraft:drop":30,"minecraft:damage_dealt":3429,"minecraft:swim_one_cm":13316,"minecraft:fly_one_cm":129271,"minecraft:player_kills":2,"minecraft:crouch_one_cm":4974,"minecraft:play_time":47016,"minecraft:deaths":4,"minecraft:sneak_time":2615,"minecraft:walk_under_water_one_cm":10293,"minecraft:jump":749,"minecraft:walk_on_water_one_cm":9919,"minecraft:total_world_time":47016,"minecraft:fall_one_cm":12413}},"DataVersion":3120}