{"stats":{"minecraft:mined":{"minecraft:cobweb":2,"minecraft:iron_ore":8,"minecraft:cobblestone":2,"minecraft:stone":16,"minecraft:oak_planks":17,"minecraft:crafting_table":1},"minecraft:picked_up":{"minecraft:crafting_table":1,"minecraft:iron_ore":8,"minecraft:string":2,"minecraft:oak_planks":17,"minecraft:cobblestone":18},"minecraft:custom":{"minecraft:time_since_rest":10929,"minecraft:play_one_minute":10929,"minecraft:crouch_one_cm":4210,"minecraft:sprint_one_cm":2050,"minecraft:walk_one_cm":8839,"minecraft:sneak_time":1869,"minecraft:walk_under_water_one_cm":60,"minecraft:jump":45,"minecraft:time_since_death":10929,"minecraft:leave_game":1,"minecraft:walk_on_water_one_cm":583,"minecraft:interact_with_crafting_table":4,"minecraft:fall_one_cm":1227,"minecraft:fly_one_cm":79817},"minecraft:crafted":{"minecraft:stone_sword":1,"spartanweaponry:handle":1,"minecraft:stone_axe":1,"minecraft:crafting_table":1,"spartanweaponry:tomahawk_stone":1,"minecraft:stick":8,"minecraft:wooden_pickaxe":1,"minecraft:stone_pickaxe":1},"minecraft:used":{"minecraft:stone_axe":5,"minecraft:stone_sword":2,"minecraft:cobblestone":6,"minecraft:crafting_table":1,"minecraft:stone_pickaxe":16,"minecraft:oak_planks":4,"alexsmobs:animal_dictionary":1,"minecraft:wooden_pickaxe":10}},"DataVersion":2586}