{"stats":{"minecraft:mined":{"minecraft:crafting_table":8,"minecraft:granite":3,"minecraft:grass_block":1,"minecraft:cobblestone":9,"minecraft:spruce_leaves":82,"minecraft:oak_planks":23,"minecraft:diorite":1,"minecraft:wall_torch":1,"minecraft:furnace":3,"minecraft:iron_ore":36,"minecraft:spruce_log":5,"minecraft:andesite":2,"treechop:chopped_log":3,"minecraft:coal_ore":13,"minecraft:gravel":1,"minecraft:dirt":3,"minecraft:cobweb":3,"minecraft:stone":129,"minecraft:gold_ore":4},"minecraft:custom":{"minecraft:interact_with_furnace":15,"minecraft:mob_kills":1,"minecraft:interact_with_crafting_table":25,"minecraft:play_one_minute":34929,"minecraft:leave_game":1,"minecraft:time_since_death":5367,"minecraft:time_since_rest":4627,"minecraft:sprint_one_cm":15864,"minecraft:damage_taken":258,"minecraft:walk_one_cm":33812,"minecraft:damage_blocked_by_shield":80,"minecraft:damage_dealt":468,"minecraft:fly_one_cm":89012,"minecraft:crouch_one_cm":11602,"tombstone:undead_killed":1,"minecraft:deaths":1,"minecraft:sneak_time":5421,"minecraft:walk_under_water_one_cm":60,"minecraft:jump":166,"minecraft:walk_on_water_one_cm":7515,"minecraft:fall_one_cm":1438},"minecraft:picked_up":{"minecraft:crafting_table":8,"minecraft:andesite":3,"minecraft:flint":1,"minecraft:gunpowder":2,"minecraft:string":3,"minecraft:dirt":4,"minecraft:bone":1,"minecraft:iron_ingot":1,"minecraft:iron_ore":37,"minecraft:oak_planks":23,"minecraft:furnace":3,"minecraft:stick":4,"minecraft:torch":1,"minecraft:gravel":4,"minecraft:spruce_sapling":1,"minecraft:diorite":1,"minecraft:spruce_log":5,"minecraft:gold_ore":3,"minecraft:arrow":1,"minecraft:granite":3,"minecraft:coal":39,"minecraft:rail":2,"minecraft:cobblestone":143},"minecraft:crafted":{"minecraft:crafting_table":2,"minecraft:spruce_planks":20,"spartanweaponry:tomahawk_stone":1,"minecraft:wooden_pickaxe":2,"minecraft:iron_helmet":1,"minecraft:furnace":1,"spartanweaponry:handle":2,"minecraft:stone_axe":1,"minecraft:air":0,"spartanweaponry:dagger_stone":1,"minecraft:iron_chestplate":1,"minecraft:iron_boots":1,"minecraft:shield":1,"minecraft:stick":16,"minecraft:iron_ingot":29,"minecraft:iron_pickaxe":1,"minecraft:stone_pickaxe":2,"minecraft:stone_sword":1,"minecraft:iron_leggings":1,"minecraft:torch":4},"minecraft:used":{"minecraft:stone_sword":14,"minecraft:stone_pickaxe":139,"minecraft:oak_planks":4,"minecraft:wooden_pickaxe":58,"minecraft:shield":2,"minecraft:torch":5,"minecraft:dirt":1,"minecraft:crafting_table":8,"minecraft:bread":1,"minecraft:iron_pickaxe":5,"minecraft:stone_axe":17,"spartanweaponry:tomahawk_stone":4,"minecraft:cobblestone":40,"minecraft:furnace":3,"tombstone:gift":1,"alexsmobs:animal_dictionary":2,"spartanweaponry:dagger_stone":2},"minecraft:killed":{"minecraft:skeleton":1},"minecraft:killed_by":{"minecraft:player":1}},"DataVersion":2586}