{"stats":{"minecraft:mined":{"minecraft:furnace":2,"minecraft:iron_ore":26,"minecraft:crafting_table":4,"minecraft:coal_ore":13,"minecraft:cobweb":2,"minecraft:cobblestone":4,"minecraft:stone":29,"minecraft:oak_planks":23},"minecraft:picked_up":{"minecraft:crafting_table":4,"minecraft:string":2,"minecraft:bone":1,"minecraft:arrow":1,"minecraft:iron_ore":26,"minecraft:oak_planks":23,"minecraft:coal":32,"minecraft:rail":2,"minecraft:cobblestone":33,"minecraft:furnace":2},"minecraft:custom":{"minecraft:time_since_rest":22929,"minecraft:interact_with_furnace":10,"minecraft:sprint_one_cm":11325,"minecraft:damage_taken":33,"minecraft:walk_one_cm":18956,"minecraft:damage_blocked_by_shield":80,"minecraft:mob_kills":1,"minecraft:damage_dealt":200,"minecraft:interact_with_crafting_table":15,"minecraft:fly_one_cm":81943,"minecraft:crouch_one_cm":7051,"minecraft:play_one_minute":22929,"tombstone:undead_killed":1,"minecraft:sneak_time":2993,"minecraft:walk_under_water_one_cm":60,"minecraft:jump":118,"minecraft:leave_game":1,"minecraft:walk_on_water_one_cm":1241,"minecraft:time_since_death":22929,"minecraft:fall_one_cm":1438},"minecraft:crafted":{"spartanweaponry:dagger_stone":1,"minecraft:iron_boots":1,"minecraft:iron_chestplate":1,"minecraft:shield":1,"minecraft:crafting_table":1,"minecraft:stick":12,"spartanweaponry:tomahawk_stone":1,"minecraft:wooden_pickaxe":1,"minecraft:iron_ingot":20,"minecraft:stone_pickaxe":1,"minecraft:stone_sword":1,"minecraft:iron_leggings":1,"spartanweaponry:handle":2,"minecraft:furnace":1,"minecraft:torch":4,"minecraft:stone_axe":1,"minecraft:air":0},"minecraft:used":{"minecraft:stone_sword":6,"minecraft:stone_pickaxe":64,"minecraft:oak_planks":4,"minecraft:shield":2,"minecraft:wooden_pickaxe":10,"spartanweaponry:tomahawk_stone":3,"minecraft:torch":3,"minecraft:stone_axe":14,"minecraft:cobblestone":11,"minecraft:crafting_table":4,"minecraft:furnace":2,"alexsmobs:animal_dictionary":2,"spartanweaponry:dagger_stone":2},"minecraft:killed":{"minecraft:skeleton":1}},"DataVersion":2586}