{"stats":{"minecraft:used":{"minecraft:oak_fence":1,"minecraft:water_bucket":89,"minecraft:diorite":5,"minecraft:stone_sword":68,"minecraft:glass_bottle":26,"minecraft:stone_pickaxe":353,"minecraft:oak_planks":4,"minecraft:wooden_pickaxe":58,"minecraft:shield":2,"minecraft:rotten_flesh":2,"minecraft:torch":25,"minecraft:dirt":1,"minecraft:rail":8,"minecraft:crafting_table":11,"minecraft:granite":8,"minecraft:bread":7,"minecraft:iron_pickaxe":102,"tombstone:magic_scroll":3,"born_in_chaos_v1:gnawed_bones":1,"minecraft:gravel":8,"spartanweaponry:tomahawk_stone":10,"minecraft:stone_axe":19,"minecraft:cobblestone":101,"minecraft:potion":9,"minecraft:furnace":5,"toughasnails:dirty_water_bottle":12,"minecraft:andesite":3,"minecraft:bucket":89,"tombstone:gift":5,"alexsmobs:animal_dictionary":2,"minecraft:cooked_beef":1,"spartanweaponry:dagger_stone":11},"minecraft:mined":{"minecraft:crafting_table":10,"minecraft:torch":2,"minecraft:granite":19,"minecraft:grass_block":2,"minecraft:cobblestone":16,"minecraft:spruce_leaves":82,"minecraft:sugar_cane":3,"minecraft:oak_planks":23,"born_in_chaos_v1:gnawed_bones":1,"minecraft:diorite":8,"minecraft:wall_torch":3,"minecraft:tall_seagrass":1,"minecraft:furnace":5,"minecraft:iron_ore":50,"minecraft:sweet_berry_bush":2,"minecraft:spruce_log":5,"minecraft:andesite":18,"minecraft:stone_brick_stairs":1,"treechop:chopped_log":3,"minecraft:grass":5,"croptopia:salt_ore":1,"minecraft:coal_ore":13,"minecraft:rail":1,"minecraft:gravel":6,"minecraft:sand":3,"minecraft:dirt":9,"minecraft:cobweb":5,"minecraft:stone_bricks":5,"minecraft:stone":362,"minecraft:gold_ore":4,"minecraft:orange_glazed_terracotta":1},"minecraft:picked_up":{"minecraft:crafting_table":10,"toughasnails:dirty_water_bottle":4,"minecraft:andesite":19,"minecraft:potion":1,"minecraft:flint":1,"tombstone:grave_key":2,"minecraft:gunpowder":2,"minecraft:dirt":11,"minecraft:string":10,"minecraft:iron_leggings":1,"born_in_chaos_v1:monster_skin":2,"minecraft:bone":9,"minecraft:wheat_seeds":4,"minecraft:iron_ingot":5,"minecraft:iron_ore":51,"born_in_chaos_v1:gnawed_bones":2,"minecraft:sugar_cane":8,"minecraft:oak_planks":23,"minecraft:furnace":5,"minecraft:stick":4,"born_in_chaos_v1:shattered_skull":1,"mca:matchmakers_ring":1,"minecraft:sweet_berries":5,"minecraft:torch":35,"minecraft:gravel":9,"minecraft:sand":3,"minecraft:spruce_sapling":1,"minecraft:diorite":8,"minecraft:spruce_log":5,"minecraft:gold_ore":3,"minecraft:arrow":1,"minecraft:rotten_flesh":2,"minecraft:granite":19,"croptopia:salt":5,"minecraft:coal":100,"minecraft:rail":18,"minecraft:cobblestone":468},"minecraft:killed_by":{"minecraft:player":2},"minecraft:dropped":{"minecraft:gravel":6,"born_in_chaos_v1:shattered_skull":3,"minecraft:wheat_seeds":4,"minecraft:cobblestone":131,"minecraft:rail":16,"minecraft:dirt":4,"minecraft:gunpowder":2,"minecraft:torch":15,"born_in_chaos_v1:monster_skin":2,"minecraft:diorite":1,"tombstone:grave_key":5,"minecraft:andesite":1,"minecraft:potion":1,"minecraft:arrow":3,"minecraft:iron_pickaxe":1,"minecraft:string":6,"mca:matchmakers_ring":1},"minecraft:broken":{"minecraft:stone_pickaxe":2},"minecraft:killed":{"mca:female_zombie_villager":1,"born_in_chaos_v1:bonescaller":1,"born_in_chaos_v1:decrepit_skeleton":2,"minecraft:skeleton":2,"mca:male_villager":2,"mca:female_villager":1},"minecraft:custom":{"minecraft:interact_with_furnace":21,"minecraft:mob_kills":9,"minecraft:interact_with_crafting_table":29,"minecraft:open_barrel":1,"minecraft:play_one_minute":198547,"minecraft:leave_game":2,"minecraft:time_since_death":7155,"minecraft:sleep_in_bed":3,"minecraft:climb_one_cm":487,"minecraft:time_since_rest":6480,"minecraft:sprint_one_cm":124747,"minecraft:damage_taken":1440,"minecraft:walk_one_cm":118551,"minecraft:damage_blocked_by_shield":80,"minecraft:drop":29,"minecraft:damage_dealt":2813,"tombstone:cast_on_ally":1,"minecraft:talked_to_villager":6,"minecraft:swim_one_cm":5066,"minecraft:player_kills":3,"minecraft:fly_one_cm":249078,"minecraft:open_chest":5,"minecraft:crouch_one_cm":23013,"tombstone:undead_killed":6,"minecraft:deaths":4,"minecraft:sneak_time":9766,"minecraft:walk_under_water_one_cm":20889,"tombstone:tomb_raiding":2,"tombstone:villager_killed":3,"minecraft:jump":1318,"minecraft:walk_on_water_one_cm":52933,"minecraft:fall_one_cm":29020},"minecraft:crafted":{"minecraft:glass_bottle":3,"minecraft:crafting_table":2,"minecraft:spruce_planks":20,"spartanweaponry:tomahawk_stone":1,"minecraft:wooden_pickaxe":2,"minecraft:iron_helmet":1,"minecraft:furnace":1,"spartanweaponry:handle":2,"minecraft:stone_axe":1,"minecraft:air":0,"spartanweaponry:dagger_stone":1,"minecraft:glass":3,"minecraft:iron_boots":1,"minecraft:iron_chestplate":1,"minecraft:shield":1,"minecraft:stick":16,"minecraft:iron_ingot":46,"minecraft:iron_pickaxe":1,"minecraft:stone_pickaxe":3,"minecraft:stone_sword":1,"minecraft:iron_leggings":1,"minecraft:torch":4,"mca:matchmakers_ring":2}},"DataVersion":2586}