{"stats":{"minecraft:mined":{"minecraft:crafting_table":9,"minecraft:torch":1,"minecraft:granite":19,"minecraft:grass_block":1,"minecraft:cobblestone":14,"minecraft:spruce_leaves":82,"minecraft:oak_planks":23,"minecraft:diorite":4,"minecraft:wall_torch":2,"minecraft:furnace":3,"minecraft:iron_ore":50,"minecraft:spruce_log":5,"minecraft:andesite":18,"treechop:chopped_log":3,"minecraft:grass":1,"minecraft:coal_ore":13,"minecraft:rail":1,"minecraft:gravel":6,"minecraft:dirt":6,"minecraft:cobweb":3,"minecraft:stone":351,"minecraft:gold_ore":4},"minecraft:custom":{"minecraft:interact_with_furnace":15,"minecraft:mob_kills":4,"minecraft:interact_with_crafting_table":26,"minecraft:play_one_minute":130929,"minecraft:leave_game":1,"minecraft:time_since_death":86901,"minecraft:time_since_rest":85166,"minecraft:sprint_one_cm":70139,"minecraft:damage_taken":1128,"minecraft:walk_one_cm":85105,"minecraft:damage_blocked_by_shield":80,"minecraft:drop":11,"minecraft:damage_dealt":1517,"tombstone:cast_on_ally":1,"minecraft:swim_one_cm":1704,"minecraft:player_kills":1,"minecraft:fly_one_cm":121059,"minecraft:crouch_one_cm":17646,"tombstone:undead_killed":4,"minecraft:deaths":3,"minecraft:sneak_time":7923,"minecraft:walk_under_water_one_cm":3575,"tombstone:tomb_raiding":1,"minecraft:jump":553,"minecraft:walk_on_water_one_cm":38571,"minecraft:fall_one_cm":10315},"minecraft:picked_up":{"minecraft:crafting_table":9,"minecraft:andesite":19,"minecraft:flint":1,"tombstone:grave_key":2,"minecraft:gunpowder":2,"minecraft:string":3,"minecraft:dirt":7,"born_in_chaos_v1:monster_skin":2,"minecraft:iron_leggings":1,"minecraft:bone":8,"minecraft:iron_ingot":1,"minecraft:iron_ore":51,"born_in_chaos_v1:gnawed_bones":1,"minecraft:oak_planks":23,"minecraft:furnace":3,"minecraft:stick":4,"born_in_chaos_v1:shattered_skull":1,"minecraft:torch":3,"minecraft:gravel":9,"minecraft:spruce_sapling":1,"minecraft:diorite":4,"minecraft:spruce_log":5,"minecraft:gold_ore":3,"minecraft:arrow":1,"minecraft:rotten_flesh":2,"minecraft:granite":19,"minecraft:coal":39,"minecraft:rail":2,"minecraft:cobblestone":369},"minecraft:crafted":{"minecraft:crafting_table":2,"minecraft:spruce_planks":20,"spartanweaponry:tomahawk_stone":1,"minecraft:wooden_pickaxe":2,"minecraft:iron_helmet":1,"minecraft:furnace":1,"spartanweaponry:handle":2,"minecraft:stone_axe":1,"minecraft:air":0,"spartanweaponry:dagger_stone":1,"minecraft:iron_chestplate":1,"minecraft:iron_boots":1,"minecraft:shield":1,"minecraft:stick":16,"minecraft:iron_ingot":29,"minecraft:iron_pickaxe":1,"minecraft:stone_pickaxe":3,"minecraft:stone_sword":1,"minecraft:iron_leggings":1,"minecraft:torch":4},"minecraft:used":{"minecraft:oak_fence":1,"minecraft:water_bucket":3,"minecraft:stone_sword":29,"minecraft:stone_pickaxe":353,"minecraft:oak_planks":4,"minecraft:wooden_pickaxe":58,"minecraft:shield":2,"minecraft:rotten_flesh":2,"minecraft:torch":22,"minecraft:dirt":1,"minecraft:crafting_table":9,"minecraft:granite":8,"minecraft:bread":1,"minecraft:iron_pickaxe":74,"tombstone:magic_scroll":3,"minecraft:gravel":6,"minecraft:stone_axe":17,"spartanweaponry:tomahawk_stone":6,"minecraft:cobblestone":67,"minecraft:furnace":3,"minecraft:bucket":3,"minecraft:andesite":1,"tombstone:gift":5,"alexsmobs:animal_dictionary":2,"spartanweaponry:dagger_stone":8},"minecraft:killed":{"born_in_chaos_v1:bonescaller":1,"born_in_chaos_v1:decrepit_skeleton":1,"minecraft:skeleton":2},"minecraft:broken":{"minecraft:stone_pickaxe":2},"minecraft:killed_by":{"minecraft:player":2},"minecraft:dropped":{"born_in_chaos_v1:shattered_skull":1,"minecraft:cobblestone":25,"minecraft:diorite":1,"tombstone:grave_key":5,"minecraft:andesite":1,"minecraft:potion":1,"minecraft:iron_pickaxe":1}},"DataVersion":2586}