{"stats":{"minecraft:mined":{"minecraft:crafting_table":9,"minecraft:torch":1,"minecraft:granite":13,"minecraft:grass_block":1,"minecraft:cobblestone":13,"minecraft:spruce_leaves":82,"minecraft:oak_planks":23,"minecraft:diorite":3,"minecraft:wall_torch":1,"minecraft:furnace":3,"minecraft:iron_ore":50,"minecraft:spruce_log":5,"minecraft:andesite":16,"treechop:chopped_log":3,"minecraft:grass":1,"minecraft:coal_ore":13,"minecraft:rail":1,"minecraft:gravel":6,"minecraft:dirt":6,"minecraft:cobweb":3,"minecraft:stone":298,"minecraft:gold_ore":4},"minecraft:custom":{"minecraft:interact_with_furnace":15,"minecraft:mob_kills":2,"minecraft:interact_with_crafting_table":26,"minecraft:play_one_minute":58929,"minecraft:leave_game":1,"minecraft:time_since_death":14901,"minecraft:time_since_rest":13166,"minecraft:sprint_one_cm":59746,"minecraft:damage_taken":1009,"minecraft:walk_one_cm":74433,"minecraft:damage_blocked_by_shield":80,"minecraft:drop":11,"minecraft:damage_dealt":1156,"tombstone:cast_on_ally":1,"minecraft:swim_one_cm":1704,"minecraft:player_kills":1,"minecraft:fly_one_cm":110377,"minecraft:crouch_one_cm":15944,"tombstone:undead_killed":2,"minecraft:deaths":3,"minecraft:sneak_time":7261,"minecraft:walk_under_water_one_cm":3543,"tombstone:tomb_raiding":1,"minecraft:jump":409,"minecraft:walk_on_water_one_cm":29250,"minecraft:fall_one_cm":7646},"minecraft:picked_up":{"minecraft:crafting_table":9,"minecraft:andesite":17,"minecraft:flint":1,"tombstone:grave_key":2,"minecraft:gunpowder":2,"minecraft:string":3,"minecraft:dirt":7,"born_in_chaos_v1:monster_skin":2,"minecraft:iron_leggings":1,"minecraft:bone":6,"minecraft:iron_ingot":1,"minecraft:iron_ore":51,"born_in_chaos_v1:gnawed_bones":1,"minecraft:oak_planks":23,"minecraft:furnace":3,"minecraft:stick":4,"minecraft:torch":2,"minecraft:gravel":9,"minecraft:spruce_sapling":1,"minecraft:diorite":3,"minecraft:spruce_log":5,"minecraft:gold_ore":3,"minecraft:arrow":1,"minecraft:granite":13,"minecraft:coal":39,"minecraft:rail":2,"minecraft:cobblestone":316},"minecraft:crafted":{"minecraft:crafting_table":2,"minecraft:spruce_planks":20,"spartanweaponry:tomahawk_stone":1,"minecraft:wooden_pickaxe":2,"minecraft:iron_helmet":1,"minecraft:furnace":1,"spartanweaponry:handle":2,"minecraft:stone_axe":1,"minecraft:air":0,"spartanweaponry:dagger_stone":1,"minecraft:iron_chestplate":1,"minecraft:iron_boots":1,"minecraft:shield":1,"minecraft:stick":16,"minecraft:iron_ingot":29,"minecraft:iron_pickaxe":1,"minecraft:stone_pickaxe":3,"minecraft:stone_sword":1,"minecraft:iron_leggings":1,"minecraft:torch":4},"minecraft:used":{"minecraft:oak_fence":1,"minecraft:water_bucket":3,"minecraft:stone_sword":25,"minecraft:stone_pickaxe":332,"minecraft:oak_planks":4,"minecraft:wooden_pickaxe":58,"minecraft:shield":2,"minecraft:torch":17,"minecraft:dirt":1,"minecraft:crafting_table":9,"minecraft:granite":2,"minecraft:bread":1,"minecraft:iron_pickaxe":32,"tombstone:magic_scroll":3,"minecraft:gravel":6,"minecraft:stone_axe":17,"spartanweaponry:tomahawk_stone":5,"minecraft:cobblestone":52,"minecraft:furnace":3,"minecraft:bucket":3,"minecraft:andesite":1,"tombstone:gift":3,"alexsmobs:animal_dictionary":2,"spartanweaponry:dagger_stone":2},"minecraft:killed":{"born_in_chaos_v1:bonescaller":1,"minecraft:skeleton":1},"minecraft:broken":{"minecraft:stone_pickaxe":1},"minecraft:killed_by":{"minecraft:player":2},"minecraft:dropped":{"born_in_chaos_v1:shattered_skull":1,"minecraft:cobblestone":25,"minecraft:diorite":1,"tombstone:grave_key":5,"minecraft:andesite":1,"minecraft:potion":1,"minecraft:iron_pickaxe":1}},"DataVersion":2586}