{"stats":{"minecraft:used":{"minecraft:oak_fence":1,"minecraft:water_bucket":4,"minecraft:diorite":5,"minecraft:stone_sword":46,"minecraft:glass_bottle":12,"minecraft:stone_pickaxe":353,"minecraft:oak_planks":4,"minecraft:wooden_pickaxe":58,"minecraft:shield":2,"minecraft:rotten_flesh":2,"minecraft:torch":25,"minecraft:dirt":1,"minecraft:rail":8,"minecraft:crafting_table":11,"minecraft:granite":8,"minecraft:bread":5,"minecraft:iron_pickaxe":97,"tombstone:magic_scroll":3,"born_in_chaos_v1:gnawed_bones":1,"minecraft:gravel":7,"spartanweaponry:tomahawk_stone":6,"minecraft:stone_axe":18,"minecraft:cobblestone":100,"minecraft:potion":8,"minecraft:furnace":5,"toughasnails:dirty_water_bottle":1,"minecraft:andesite":3,"minecraft:bucket":4,"tombstone:gift":5,"alexsmobs:animal_dictionary":2,"spartanweaponry:dagger_stone":8},"minecraft:mined":{"minecraft:crafting_table":10,"minecraft:torch":2,"minecraft:granite":19,"minecraft:grass_block":2,"minecraft:cobblestone":16,"minecraft:spruce_leaves":82,"minecraft:sugar_cane":3,"minecraft:oak_planks":23,"born_in_chaos_v1:gnawed_bones":1,"minecraft:diorite":8,"minecraft:wall_torch":3,"minecraft:tall_seagrass":1,"minecraft:furnace":5,"minecraft:iron_ore":50,"minecraft:sweet_berry_bush":2,"minecraft:spruce_log":5,"minecraft:andesite":18,"minecraft:stone_brick_stairs":1,"treechop:chopped_log":3,"minecraft:grass":1,"minecraft:coal_ore":13,"minecraft:rail":1,"minecraft:gravel":6,"minecraft:sand":3,"minecraft:dirt":9,"minecraft:cobweb":5,"minecraft:stone_bricks":3,"minecraft:stone":361,"minecraft:gold_ore":4},"minecraft:picked_up":{"minecraft:crafting_table":10,"minecraft:andesite":19,"minecraft:potion":1,"minecraft:flint":1,"tombstone:grave_key":2,"minecraft:gunpowder":2,"minecraft:dirt":11,"minecraft:string":10,"minecraft:iron_leggings":1,"born_in_chaos_v1:monster_skin":2,"minecraft:bone":9,"minecraft:iron_ingot":1,"minecraft:iron_ore":51,"born_in_chaos_v1:gnawed_bones":2,"minecraft:sugar_cane":8,"minecraft:oak_planks":23,"minecraft:furnace":5,"minecraft:stick":4,"born_in_chaos_v1:shattered_skull":1,"mca:matchmakers_ring":1,"minecraft:sweet_berries":5,"minecraft:torch":5,"minecraft:gravel":9,"minecraft:sand":3,"minecraft:spruce_sapling":1,"minecraft:diorite":8,"minecraft:spruce_log":5,"minecraft:gold_ore":3,"minecraft:arrow":1,"minecraft:rotten_flesh":2,"minecraft:granite":19,"minecraft:coal":100,"minecraft:rail":18,"minecraft:cobblestone":380},"minecraft:killed_by":{"minecraft:player":2},"minecraft:dropped":{"born_in_chaos_v1:shattered_skull":1,"minecraft:cobblestone":25,"minecraft:rail":16,"minecraft:dirt":4,"born_in_chaos_v1:monster_skin":2,"minecraft:diorite":1,"tombstone:grave_key":5,"minecraft:andesite":1,"minecraft:potion":1,"minecraft:iron_pickaxe":1,"minecraft:string":6,"mca:matchmakers_ring":1},"minecraft:broken":{"minecraft:stone_pickaxe":2},"minecraft:killed":{"mca:female_zombie_villager":1,"born_in_chaos_v1:bonescaller":1,"born_in_chaos_v1:decrepit_skeleton":2,"minecraft:skeleton":2},"minecraft:custom":{"minecraft:interact_with_furnace":21,"minecraft:mob_kills":6,"minecraft:interact_with_crafting_table":29,"minecraft:open_barrel":1,"minecraft:play_one_minute":165688,"minecraft:leave_game":1,"minecraft:time_since_death":121660,"minecraft:sleep_in_bed":2,"minecraft:climb_one_cm":487,"minecraft:time_since_rest":17706,"minecraft:sprint_one_cm":84923,"minecraft:damage_taken":1260,"minecraft:walk_one_cm":101761,"minecraft:damage_blocked_by_shield":80,"minecraft:drop":19,"minecraft:damage_dealt":1942,"tombstone:cast_on_ally":1,"minecraft:talked_to_villager":3,"minecraft:swim_one_cm":4381,"minecraft:player_kills":1,"minecraft:fly_one_cm":156450,"minecraft:open_chest":1,"minecraft:crouch_one_cm":19906,"tombstone:undead_killed":6,"minecraft:deaths":3,"minecraft:sneak_time":8737,"minecraft:walk_under_water_one_cm":4886,"tombstone:tomb_raiding":1,"minecraft:jump":792,"minecraft:walk_on_water_one_cm":42805,"minecraft:fall_one_cm":14936},"minecraft:crafted":{"minecraft:glass_bottle":3,"minecraft:crafting_table":2,"minecraft:spruce_planks":20,"spartanweaponry:tomahawk_stone":1,"minecraft:wooden_pickaxe":2,"minecraft:iron_helmet":1,"minecraft:furnace":1,"spartanweaponry:handle":2,"minecraft:stone_axe":1,"minecraft:air":0,"spartanweaponry:dagger_stone":1,"minecraft:glass":3,"minecraft:iron_boots":1,"minecraft:iron_chestplate":1,"minecraft:shield":1,"minecraft:stick":16,"minecraft:iron_ingot":46,"minecraft:iron_pickaxe":1,"minecraft:stone_pickaxe":3,"minecraft:stone_sword":1,"minecraft:iron_leggings":1,"minecraft:torch":4,"mca:matchmakers_ring":2}},"DataVersion":2586}