{"stats":{"minecraft:killed_by":{"minecraft:player":1,"minecraft:creeper":1},"minecraft:killed":{"mutationcraft:light_hook":1,"minecraft:spider":1,"graveyard:wraith":1,"minecraft:sheep":7,"minecraft:skeleton":1,"mutationcraft:necroptor":1,"mutationcraft:assimilated_human":1,"minecraft:chicken":3,"graveyard:corrupted_pillager":1,"minecraft:cow":3},"minecraft:crafted":{"minecraft:oak_planks":20,"minecraft:crafting_table":2,"minecraft:wooden_pickaxe":1,"minecraft:stone_axe":1,"minecraft:stick":8,"minecraft:stone_pickaxe":1,"minecraft:stone_sword":1,"minecraft:white_bed":1},"minecraft:mined":{"minecraft:crafting_table":1,"minecraft:granite":2,"minecraft:grass_block":6,"minecraft:cobblestone":7,"minecraft:tall_grass":2,"minecraft:grass":15,"minecraft:oak_log":7,"minecraft:dirt":8,"minecraft:stone":36,"minecraft:oak_leaves":1},"minecraft:picked_up":{"minecraft:crafting_table":3,"minecraft:feather":16,"minecraft:chicken":3,"minecraft:leather":6,"minecraft:wooden_pickaxe":3,"minecraft:pink_wool":3,"minecraft:oak_log":5,"minecraft:netherite_leggings":1,"minecraft:dirt":14,"minecraft:cooked_mutton":128,"minecraft:bone":6,"graveyard:corruption":1,"minecraft:wheat_seeds":4,"minecraft:beef":18,"minecraft:stone_pickaxe":3,"minecraft:enchanted_golden_apple":125,"minecraft:oak_planks":3,"minecraft:egg":1,"minecraft:stick":3,"whispers_of_the_wendigo:rifle":2,"whispers_of_the_wendigo:silver_bullet":400,"mutationcraft:putrid_claw":10,"minecraft:spider_eye":3,"minecraft:stone_sword":3,"minecraft:rotten_flesh":6,"minecraft:stone_axe":3,"minecraft:netherite_helmet":1,"minecraft:granite":4,"minecraft:netherite_chestplate":1,"mutationcraft:putrid_heart":1,"minecraft:mutton":18,"minecraft:white_wool":8,"minecraft:cobblestone":40},"minecraft:used":{"minecraft:stone_sword":66,"minecraft:flint_and_steel":8,"minecraft:stone_pickaxe":40,"minecraft:oak_planks":1,"minecraft:wooden_pickaxe":13,"graveyard:corrupted_pillager_spawn_egg":1,"minecraft:netherrack":4,"graveyard:wraith_spawn_egg":1,"minecraft:dirt":14,"minecraft:mutton":3,"minecraft:crafting_table":2,"graveyard:nameless_hanged_spawn_egg":1,"minecraft:white_bed":1,"minecraft:granite":2,"minecraft:redstone_torch":8,"graveyard:corrupted_vindicator_spawn_egg":1,"graveyard:nightmare_spawn_egg":1,"minecraft:stone_axe":8,"graveyard:leaning_wither_skeleton":1,"minecraft:cobblestone":20,"mutationcraft:putrid_claw":3,"graveyard:lich_spawn_egg":1,"minecraft:gold_block":10,"minecraft:egg":1,"minecraft:enchanted_golden_apple":5},"minecraft:broken":{"whispers_of_the_wendigo:rifle":2},"minecraft:dropped":{"minecraft:netherite_chestplate":1,"minecraft:netherite_helmet":1,"whispers_of_the_wendigo:silver_bullet":22,"minecraft:netherite_leggings":1,"mutationcraft:putrid_claw":3},"minecraft:custom":{"minecraft:interact_with_furnace":2,"minecraft:mob_kills":21,"minecraft:interact_with_crafting_table":7,"minecraft:time_since_death":7102,"minecraft:damage_resisted":254,"minecraft:time_since_rest":7128,"minecraft:sprint_one_cm":59200,"minecraft:damage_absorbed":488,"minecraft:damage_taken":1268,"minecraft:walk_one_cm":53368,"minecraft:drop":28,"minecraft:damage_dealt":2803,"minecraft:swim_one_cm":13316,"minecraft:fly_one_cm":94058,"minecraft:player_kills":2,"minecraft:crouch_one_cm":4641,"minecraft:play_time":35016,"minecraft:deaths":3,"minecraft:sneak_time":2466,"minecraft:walk_under_water_one_cm":10293,"minecraft:jump":554,"minecraft:walk_on_water_one_cm":9183,"minecraft:total_world_time":35016,"minecraft:fall_one_cm":9580}},"DataVersion":3120}