{"stats":{"minecraft:killed":{"mutationcraft:assimilated_spider":2,"graveyard:corrupted_vindicator":1,"minecraft:skeleton":1,"minecraft:zombie":1,"minecraft:cow":4},"minecraft:killed_by":{"minecraft:player":2,"sanitydim:rotting_stalker":1},"minecraft:crafted":{"minecraft:cooked_beef":3,"minecraft:wooden_sword":1,"minecraft:oak_planks":44,"minecraft:crafting_table":3,"minecraft:wooden_pickaxe":1,"minecraft:cooked_chicken":2,"minecraft:furnace":2,"minecraft:stone_axe":1,"minecraft:air":0,"minecraft:stick":12,"minecraft:stone_pickaxe":1,"minecraft:wooden_axe":1,"minecraft:stone_sword":1},"minecraft:mined":{"minecraft:white_bed":2,"minecraft:grass_block":3,"minecraft:tall_grass":4,"minecraft:grass":13,"minecraft:oak_log":9,"minecraft:coal_ore":6,"minecraft:dirt":8,"minecraft:stone":17,"minecraft:oak_leaves":16},"minecraft:picked_up":{"minecraft:crafting_table":1,"minecraft:leather":4,"minecraft:oak_log":11,"minecraft:netherite_leggings":2,"minecraft:dirt":11,"graveyard:corruption":2,"minecraft:wheat_seeds":2,"minecraft:beef":9,"minecraft:egg":4,"minecraft:stick":1,"mutationcraft:putrid_claw":4,"minecraft:white_bed":2,"minecraft:rotten_flesh":2,"minecraft:netherite_helmet":1,"minecraft:netherite_chestplate":1,"minecraft:oak_sapling":3,"minecraft:coal":6,"minecraft:cobblestone":30},"minecraft:used":{"minecraft:netherite_sword":1,"minecraft:stone_sword":26,"minecraft:stone_pickaxe":18,"minecraft:netherite_chestplate":1,"minecraft:oak_planks":2,"minecraft:wooden_pickaxe":7,"minecraft:cooked_chicken":2,"minecraft:dirt":11,"minecraft:netherite_leggings":1,"minecraft:crafting_table":3,"minecraft:netherite_helmet":1,"minecraft:white_bed":1,"minecraft:stone_axe":10,"minecraft:wooden_sword":14,"minecraft:cobblestone":5,"minecraft:beef":4,"minecraft:furnace":2,"minecraft:oak_sapling":1,"minecraft:egg":1,"minecraft:cooked_beef":2,"minecraft:enchanted_golden_apple":2},"minecraft:broken":{"whispers_of_the_wendigo:rifle":1},"minecraft:dropped":{"minecraft:enchanted_golden_apple":1,"minecraft:cooked_mutton":26,"whispers_of_the_wendigo:silver_bullet":128,"graveyard:corruption":1,"whispers_of_the_wendigo:rifle":1,"mutationcraft:putrid_claw":2},"minecraft:custom":{"minecraft:interact_with_furnace":8,"minecraft:mob_kills":9,"minecraft:interact_with_crafting_table":6,"minecraft:time_since_death":9631,"minecraft:damage_resisted":71,"minecraft:time_since_rest":9663,"minecraft:sprint_one_cm":55711,"minecraft:walk_one_cm":42907,"minecraft:damage_taken":1342,"minecraft:damage_absorbed":189,"minecraft:drop":33,"minecraft:damage_dealt":1335,"minecraft:swim_one_cm":2198,"minecraft:fly_one_cm":143355,"minecraft:player_kills":1,"minecraft:crouch_one_cm":1176,"minecraft:play_time":35607,"minecraft:deaths":3,"minecraft:sneak_time":930,"minecraft:walk_under_water_one_cm":746,"minecraft:jump":540,"minecraft:walk_on_water_one_cm":6806,"minecraft:total_world_time":35607,"minecraft:fall_one_cm":13021}},"DataVersion":3120}