{"stats":{"minecraft:killed_by":{"sanitydim:rotting_stalker":1},"minecraft:killed":{"minecraft:skeleton":1,"minecraft:zombie":1,"mutationcraft:assimilated_spider":1,"minecraft:cow":4},"minecraft:crafted":{"minecraft:cooked_beef":3,"minecraft:wooden_sword":1,"minecraft:oak_planks":44,"minecraft:crafting_table":3,"minecraft:stick":12,"minecraft:wooden_pickaxe":1,"minecraft:cooked_chicken":2,"minecraft:stone_pickaxe":1,"minecraft:wooden_axe":1,"minecraft:stone_sword":1,"minecraft:furnace":2,"minecraft:stone_axe":1,"minecraft:air":0},"minecraft:mined":{"minecraft:grass":7,"minecraft:coal_ore":6,"minecraft:grass_block":3,"minecraft:oak_log":9,"minecraft:dirt":8,"minecraft:tall_grass":4,"minecraft:stone":17,"minecraft:oak_leaves":2},"minecraft:picked_up":{"minecraft:leather":4,"mutationcraft:putrid_claw":2,"minecraft:oak_log":11,"minecraft:dirt":11,"minecraft:rotten_flesh":2,"minecraft:wheat_seeds":2,"minecraft:beef":9,"minecraft:oak_sapling":1,"minecraft:coal":6,"minecraft:cobblestone":30,"minecraft:egg":4},"minecraft:used":{"minecraft:stone_sword":26,"minecraft:stone_pickaxe":18,"minecraft:oak_planks":2,"minecraft:wooden_pickaxe":7,"minecraft:cooked_chicken":2,"minecraft:stone_axe":10,"minecraft:wooden_sword":14,"minecraft:dirt":11,"minecraft:cobblestone":5,"minecraft:beef":4,"minecraft:crafting_table":3,"minecraft:furnace":2,"minecraft:egg":1,"minecraft:cooked_beef":2},"minecraft:custom":{"minecraft:time_since_rest":3111,"minecraft:interact_with_furnace":8,"minecraft:sprint_one_cm":41203,"minecraft:damage_taken":618,"minecraft:walk_one_cm":24782,"minecraft:mob_kills":7,"minecraft:damage_dealt":1272,"minecraft:swim_one_cm":1325,"minecraft:interact_with_crafting_table":6,"minecraft:fly_one_cm":119259,"minecraft:crouch_one_cm":728,"minecraft:play_time":23607,"minecraft:deaths":1,"minecraft:sneak_time":753,"minecraft:walk_under_water_one_cm":315,"minecraft:jump":405,"minecraft:walk_on_water_one_cm":2400,"minecraft:time_since_death":3084,"minecraft:total_world_time":23607,"minecraft:fall_one_cm":10747}},"DataVersion":3120}