{"stats":{"minecraft:killed":{"mca:female_zombie_villager":1,"born_in_chaos_v1:skeleton_bomb":1,"born_in_chaos_v1:decrepit_skeleton":1,"minecraft:sheep":4,"minecraft:skeleton":1,"minecraft:stray":1,"born_in_chaos_v1:skeleton_thrasher":1},"minecraft:picked_up":{"minecraft:birch_log":25,"minecraft:charcoal":3,"minecraft:crafting_table":6,"croptopia:radish":6,"minecraft:brown_wool":1,"minecraft:yellow_glazed_terracotta":4,"byg:rainbow_eucalyptus_sapling":2,"minecraft:dirt":21,"minecraft:bone":13,"byg:rainbow_eucalyptus_log":1,"minecraft:wheat_seeds":1,"minecraft:iron_ingot":3,"minecraft:iron_ore":31,"minecraft:mossy_stone_bricks":1,"minecraft:birch_sapling":9,"minecraft:egg":1,"minecraft:furnace":4,"minecraft:stick":11,"born_in_chaos_v1:shattered_skull":1,"minecraft:torch":4,"minecraft:sand":12,"tombstone:grave_dust":2,"minecraft:white_bed":4,"minecraft:arrow":2,"minecraft:rotten_flesh":3,"minecraft:iron_helmet":1,"croptopia:radish_seed":10,"minecraft:mutton":6,"minecraft:coal":21,"minecraft:white_wool":3,"minecraft:cobblestone":51},"minecraft:killed_by":{"born_in_chaos_v1:skeleton_bomb":1},"minecraft:custom":{"minecraft:interact_with_furnace":36,"minecraft:mob_kills":11,"minecraft:interact_with_crafting_table":24,"minecraft:play_one_minute":49778,"minecraft:leave_game":2,"minecraft:time_since_death":0,"minecraft:sleep_in_bed":2,"minecraft:time_since_rest":92,"minecraft:sprint_one_cm":79217,"minecraft:damage_taken":868,"minecraft:walk_one_cm":112770,"minecraft:damage_blocked_by_shield":1070,"minecraft:drop":7,"minecraft:damage_dealt":3512,"minecraft:swim_one_cm":3586,"minecraft:fly_one_cm":71705,"minecraft:open_chest":2,"minecraft:crouch_one_cm":1854,"tombstone:undead_killed":6,"minecraft:deaths":2,"minecraft:sneak_time":1243,"minecraft:walk_under_water_one_cm":1279,"minecraft:jump":523,"minecraft:walk_on_water_one_cm":18334,"minecraft:fall_one_cm":8399},"minecraft:used":{"minecraft:cooked_mutton":6,"minecraft:water_bucket":1,"minecraft:stone_sword":8,"croptopia:radish":1,"minecraft:glass_bottle":26,"minecraft:stone_pickaxe":63,"minecraft:shield":29,"minecraft:wooden_pickaxe":3,"minecraft:iron_sword":107,"minecraft:torch":4,"minecraft:dirt":2,"minecraft:crafting_table":6,"minecraft:white_bed":4,"minecraft:birch_sapling":2,"minecraft:iron_pickaxe":36,"minecraft:stone_axe":19,"minecraft:potion":25,"minecraft:furnace":4,"minecraft:bucket":2,"byg:rainbow_eucalyptus_log":1},"minecraft:dropped":{"minecraft:stone_sword":1,"minecraft:birch_sapling":4,"minecraft:rotten_flesh":3,"croptopia:radish_seed":10,"minecraft:wooden_pickaxe":1,"minecraft:stone_pickaxe":1},"minecraft:mined":{"minecraft:white_bed":4,"minecraft:crafting_table":6,"minecraft:torch":4,"minecraft:grass_block":5,"minecraft:birch_sapling":1,"minecraft:furnace":4,"minecraft:birch_log":25,"minecraft:iron_ore":31,"minecraft:birch_leaves":205,"treechop:chopped_log":16,"minecraft:yellow_glazed_terracotta":4,"minecraft:grass":1,"minecraft:coal_ore":21,"croptopia:radish_crop":6,"minecraft:sand":12,"minecraft:dirt":8,"byg:rainbow_eucalyptus_leaves":4,"byg:rocky_stone":1,"minecraft:stone_bricks":3,"minecraft:stone":36,"minecraft:mossy_stone_bricks":1},"minecraft:crafted":{"minecraft:glass_bottle":12,"minecraft:crafting_table":1,"minecraft:wooden_pickaxe":1,"minecraft:iron_sword":1,"minecraft:furnace":2,"minecraft:bucket":1,"minecraft:birch_planks":28,"minecraft:stone_axe":1,"minecraft:cooked_mutton":6,"minecraft:air":0,"minecraft:glass":12,"minecraft:iron_boots":1,"minecraft:iron_chestplate":1,"minecraft:charcoal":7,"minecraft:shield":1,"minecraft:iron_ingot":31,"minecraft:iron_pickaxe":1,"minecraft:stone_pickaxe":1,"minecraft:stone_sword":1,"minecraft:iron_leggings":1,"minecraft:white_bed":1,"minecraft:torch":4}},"DataVersion":2586}