{"stats":{"minecraft:mined":{"minecraft:white_bed":5,"minecraft:crafting_table":6,"minecraft:torch":4,"minecraft:grass_block":5,"minecraft:birch_sapling":1,"minecraft:furnace":4,"minecraft:birch_log":25,"minecraft:iron_ore":31,"minecraft:birch_leaves":205,"treechop:chopped_log":16,"minecraft:yellow_glazed_terracotta":4,"minecraft:grass":3,"minecraft:coal_ore":21,"croptopia:radish_crop":6,"minecraft:sand":13,"minecraft:dirt":8,"byg:rainbow_eucalyptus_leaves":4,"byg:rocky_stone":1,"minecraft:stone":36,"minecraft:stone_bricks":3,"minecraft:mossy_stone_bricks":1},"minecraft:custom":{"minecraft:interact_with_furnace":36,"minecraft:mob_kills":13,"minecraft:interact_with_crafting_table":24,"minecraft:play_one_minute":58260,"minecraft:leave_game":2,"minecraft:time_since_death":1552,"minecraft:sleep_in_bed":2,"minecraft:time_since_rest":1147,"minecraft:sprint_one_cm":87961,"minecraft:damage_taken":1121,"minecraft:walk_one_cm":121584,"minecraft:damage_blocked_by_shield":1070,"minecraft:drop":22,"minecraft:damage_dealt":4238,"minecraft:player_kills":1,"minecraft:swim_one_cm":13934,"minecraft:fly_one_cm":98923,"minecraft:open_chest":2,"minecraft:crouch_one_cm":1854,"tombstone:undead_killed":8,"minecraft:deaths":3,"minecraft:sneak_time":1274,"minecraft:walk_under_water_one_cm":2238,"minecraft:jump":614,"minecraft:walk_on_water_one_cm":22387,"minecraft:fall_one_cm":9235},"minecraft:picked_up":{"minecraft:birch_log":25,"minecraft:charcoal":3,"minecraft:crafting_table":6,"croptopia:radish":6,"minecraft:brown_wool":1,"minecraft:birch_planks":3,"minecraft:yellow_glazed_terracotta":4,"minecraft:dirt":21,"minecraft:bone":13,"minecraft:wheat_seeds":1,"minecraft:iron_ingot":3,"minecraft:iron_ore":31,"minecraft:mossy_stone_bricks":2,"minecraft:glass_bottle":11,"minecraft:birch_sapling":11,"minecraft:egg":1,"minecraft:furnace":4,"minecraft:stick":11,"born_in_chaos_v1:shattered_skull":2,"minecraft:torch":4,"minecraft:sand":13,"tombstone:grave_dust":2,"minecraft:white_bed":5,"minecraft:arrow":2,"minecraft:rotten_flesh":3,"minecraft:iron_helmet":1,"croptopia:radish_seed":10,"minecraft:mutton":6,"minecraft:coal":21,"minecraft:white_wool":3,"minecraft:cobblestone":51},"minecraft:crafted":{"minecraft:glass_bottle":12,"minecraft:crafting_table":1,"minecraft:wooden_pickaxe":1,"minecraft:iron_sword":1,"minecraft:furnace":2,"minecraft:bucket":1,"minecraft:birch_planks":28,"minecraft:stone_axe":1,"minecraft:cooked_mutton":6,"minecraft:air":0,"minecraft:glass":12,"minecraft:iron_boots":1,"minecraft:iron_chestplate":1,"minecraft:charcoal":7,"minecraft:shield":1,"minecraft:iron_ingot":31,"minecraft:iron_pickaxe":1,"minecraft:stone_pickaxe":1,"minecraft:stone_sword":1,"minecraft:iron_leggings":1,"minecraft:white_bed":1,"minecraft:torch":4},"minecraft:used":{"minecraft:cooked_mutton":6,"minecraft:water_bucket":1,"minecraft:stone_sword":8,"minecraft:glass_bottle":26,"croptopia:radish":1,"minecraft:stone_pickaxe":63,"minecraft:wooden_pickaxe":3,"minecraft:shield":29,"minecraft:iron_sword":130,"minecraft:torch":4,"minecraft:dirt":2,"minecraft:crafting_table":6,"minecraft:white_bed":5,"minecraft:iron_pickaxe":36,"minecraft:birch_sapling":2,"minecraft:stone_axe":19,"minecraft:potion":25,"minecraft:furnace":4,"minecraft:bucket":2,"minecraft:egg":1},"minecraft:killed":{"mca:female_zombie_villager":1,"born_in_chaos_v1:skeleton_bomb":1,"born_in_chaos_v1:decrepit_skeleton":1,"born_in_chaos_v1:zombieswith_door":1,"minecraft:sheep":4,"minecraft:skeleton":1,"minecraft:zombie":1,"minecraft:stray":1,"born_in_chaos_v1:skeleton_thrasher":1},"minecraft:broken":{"minecraft:iron_leggings":1},"minecraft:killed_by":{"born_in_chaos_v1:skeleton_bomb":1,"iceandfire:hippogryph":1},"minecraft:dropped":{"minecraft:birch_planks":6,"born_in_chaos_v1:shattered_skull":1,"minecraft:wheat_seeds":1,"minecraft:stone_sword":1,"minecraft:glass_bottle":11,"minecraft:birch_sapling":8,"minecraft:rotten_flesh":3,"croptopia:radish_seed":10,"minecraft:dirt":8,"minecraft:mossy_stone_bricks":2,"minecraft:brown_wool":1,"minecraft:yellow_glazed_terracotta":4,"minecraft:iron_leggings":1,"minecraft:sand":1,"minecraft:wooden_pickaxe":1,"minecraft:stone_pickaxe":1,"mca:book_rose_gold":1}},"DataVersion":2586}