{"stats":{"minecraft:used":{"minecraft:cooked_mutton":6,"minecraft:water_bucket":1,"minecraft:stone_sword":8,"minecraft:glass_bottle":29,"croptopia:radish":4,"minecraft:stone_pickaxe":63,"minecraft:wooden_pickaxe":3,"minecraft:shield":30,"minecraft:iron_sword":151,"minecraft:torch":4,"minecraft:dirt":2,"minecraft:crafting_table":6,"minecraft:white_bed":6,"minecraft:iron_pickaxe":76,"minecraft:birch_sapling":2,"minecraft:stone_axe":19,"minecraft:potion":28,"minecraft:furnace":4,"minecraft:bucket":2,"tombstone:gift":4,"minecraft:egg":1},"minecraft:mined":{"minecraft:white_bed":6,"minecraft:crafting_table":6,"minecraft:torch":4,"minecraft:granite":2,"minecraft:grass_block":5,"minecraft:birch_sapling":1,"minecraft:furnace":4,"minecraft:birch_log":25,"minecraft:iron_ore":31,"minecraft:birch_leaves":205,"minecraft:andesite":15,"treechop:chopped_log":16,"minecraft:yellow_glazed_terracotta":4,"minecraft:grass":3,"minecraft:coal_ore":21,"croptopia:radish_crop":6,"minecraft:sand":13,"minecraft:dirt":8,"byg:rocky_stone":1,"minecraft:cobweb":1,"byg:rainbow_eucalyptus_leaves":4,"minecraft:stone_bricks":3,"minecraft:stone":59,"minecraft:mossy_stone_bricks":1},"minecraft:picked_up":{"minecraft:birch_log":36,"minecraft:charcoal":3,"minecraft:iron_chestplate":1,"minecraft:crafting_table":6,"croptopia:radish":11,"minecraft:andesite":16,"minecraft:brown_wool":1,"minecraft:birch_planks":3,"minecraft:potion":1,"minecraft:yellow_glazed_terracotta":4,"tombstone:grave_key":3,"minecraft:shield":1,"minecraft:string":1,"minecraft:dirt":21,"tombstone:gift":1,"minecraft:bone":16,"minecraft:wheat_seeds":1,"minecraft:iron_ingot":4,"minecraft:iron_ore":31,"minecraft:mossy_stone_bricks":2,"minecraft:iron_pickaxe":1,"minecraft:glass_bottle":22,"minecraft:birch_sapling":11,"minecraft:iron_sword":1,"minecraft:furnace":4,"minecraft:iron_boots":1,"minecraft:egg":1,"minecraft:tipped_arrow":1,"minecraft:stick":11,"born_in_chaos_v1:shattered_skull":3,"minecraft:torch":4,"minecraft:sand":13,"tombstone:grave_dust":2,"minecraft:diorite":1,"minecraft:white_bed":6,"alexsmobs:animal_dictionary":1,"iceandfire:silver_ingot":1,"minecraft:arrow":2,"minecraft:rotten_flesh":5,"minecraft:stone_axe":1,"croptopia:radish_seed":10,"minecraft:iron_helmet":1,"minecraft:granite":2,"minecraft:mutton":6,"minecraft:coal":21,"minecraft:rail":1,"minecraft:white_wool":3,"minecraft:cobblestone":97},"minecraft:broken":{"minecraft:iron_leggings":1},"minecraft:killed_by":{"born_in_chaos_v1:skeleton_bomb":1,"minecraft:player":1,"born_in_chaos_v1:dread_hound":1,"iceandfire:hippogryph":1},"minecraft:dropped":{"born_in_chaos_v1:shattered_skull":1,"minecraft:birch_planks":6,"minecraft:wheat_seeds":1,"minecraft:stone_sword":1,"minecraft:glass_bottle":11,"minecraft:birch_sapling":8,"minecraft:rotten_flesh":3,"croptopia:radish_seed":10,"minecraft:dirt":8,"minecraft:mossy_stone_bricks":2,"minecraft:yellow_glazed_terracotta":4,"minecraft:brown_wool":1,"minecraft:iron_leggings":1,"minecraft:sand":1,"minecraft:stone_pickaxe":1,"minecraft:wooden_pickaxe":1,"mca:book_rose_gold":1},"minecraft:killed":{"mca:female_zombie_villager":1,"born_in_chaos_v1:restless_spirit":1,"born_in_chaos_v1:skeleton_bomb":1,"born_in_chaos_v1:decrepit_skeleton":2,"born_in_chaos_v1:zombieswith_door":1,"minecraft:sheep":4,"minecraft:skeleton":1,"minecraft:zombie":2,"born_in_chaos_v1:dread_hound":2,"minecraft:stray":1,"born_in_chaos_v1:skeleton_thrasher":1,"born_in_chaos_v1:baby_skkl":2},"minecraft:custom":{"minecraft:interact_with_furnace":36,"minecraft:mob_kills":20,"minecraft:interact_with_crafting_table":24,"minecraft:play_one_minute":75096,"minecraft:leave_game":3,"minecraft:time_since_death":11256,"minecraft:sleep_in_bed":2,"minecraft:time_since_rest":10376,"minecraft:sprint_one_cm":110741,"minecraft:damage_taken":1946,"minecraft:walk_one_cm":146747,"minecraft:damage_blocked_by_shield":1110,"minecraft:drop":22,"minecraft:damage_dealt":5024,"minecraft:player_kills":1,"minecraft:swim_one_cm":14109,"minecraft:fly_one_cm":106220,"minecraft:open_chest":2,"minecraft:crouch_one_cm":2043,"minecraft:sneak_time":1312,"tombstone:undead_killed":12,"minecraft:deaths":5,"minecraft:walk_under_water_one_cm":6608,"minecraft:jump":709,"minecraft:walk_on_water_one_cm":37399,"minecraft:fall_one_cm":10474},"minecraft:crafted":{"minecraft:glass_bottle":12,"minecraft:crafting_table":1,"minecraft:wooden_pickaxe":1,"minecraft:iron_sword":1,"minecraft:furnace":2,"minecraft:bucket":1,"minecraft:birch_planks":28,"minecraft:stone_axe":1,"minecraft:cooked_mutton":6,"minecraft:air":0,"minecraft:glass":12,"minecraft:iron_boots":1,"minecraft:iron_chestplate":1,"minecraft:charcoal":7,"minecraft:shield":1,"minecraft:iron_ingot":31,"minecraft:iron_pickaxe":1,"minecraft:stone_pickaxe":1,"minecraft:stone_sword":1,"minecraft:iron_leggings":1,"minecraft:white_bed":1,"minecraft:torch":4}},"DataVersion":2586}