{"stats":{"minecraft:killed":{"mutationcraft:assimilated_spider":1,"minecraft:cow":3},"minecraft:crafted":{"minecraft:stone_sword":1,"minecraft:wooden_sword":1,"minecraft:oak_planks":24,"minecraft:stone_axe":1,"minecraft:crafting_table":1,"minecraft:stick":12,"minecraft:stone_pickaxe":1,"minecraft:wooden_pickaxe":1,"minecraft:wooden_axe":1},"minecraft:mined":{"minecraft:grass":1,"minecraft:grass_block":1,"minecraft:oak_log":4,"minecraft:dirt":8,"minecraft:stone":7},"minecraft:picked_up":{"minecraft:leather":1,"mutationcraft:putrid_claw":2,"minecraft:beef":7,"minecraft:oak_log":6,"minecraft:egg":3,"minecraft:dirt":9,"minecraft:cobblestone":20},"minecraft:used":{"minecraft:stone_sword":7,"minecraft:dirt":9,"minecraft:wooden_sword":14,"minecraft:cobblestone":5,"minecraft:crafting_table":1,"minecraft:wooden_pickaxe":7},"minecraft:custom":{"minecraft:time_since_rest":11607,"minecraft:play_time":11607,"minecraft:crouch_one_cm":20,"minecraft:sprint_one_cm":11792,"minecraft:damage_taken":101,"minecraft:walk_one_cm":9219,"minecraft:sneak_time":52,"minecraft:mob_kills":4,"minecraft:jump":120,"minecraft:damage_dealt":630,"minecraft:time_since_death":11607,"minecraft:total_world_time":11607,"minecraft:interact_with_crafting_table":3,"minecraft:fall_one_cm":1939,"minecraft:fly_one_cm":17455}},"DataVersion":3120}